query_id,category,difficulty,query,approach,input_tokens,output_tokens,total_tokens,latency_s,tool_calls,relevance_score,fact_score,judge_reasoning,answer_preview
Q01,lookup,simple,What is Sophie Marchand's current role and company?,A_naive,8805,12,8817,0.681,0,5,100.0,"The answer precisely and completely states Sophie Marchand's role and company, incorporating all ground truth hints.",Sophie Marchand is the VP of Sales EMEA at Salesforce.
Q01,lookup,simple,What is Sophie Marchand's current role and company?,B_agent,1090,178,1268,1.869,1,5,100.0,"The answer precisely and completely addresses the query by providing Sophie Marchand's role and company, matching all ground truth hints.","{'type': 'text', 'text': 'Sophie Marchand is the VP of Sales EMEA at Salesforce.', 'extras': {'signature': 'CrcCAQw51scl5QvGR7C7g4IVhN6wk/HLoBjMBt/8iUnEfWWXjvQlb40m8NR30nR5Dqk4ImZRYD3/SOxncZOL3qJjxidM"
Q02,lookup,simple,Who works at Mistral AI and what is their specialty?,A_naive,8805,33,8838,0.795,0,5,75.0,"The answer correctly identifies the person and their specialty, including LLMs, but misses the specific mention of 'Mixtral'.","Yuki Tanaka works at Mistral AI and their specialty is AI Research, specifically LLMs, PyTorch, RLHF, Research Leadership, and MLOps."
Q02,lookup,simple,Who works at Mistral AI and what is their specialty?,B_agent,1149,361,1510,2.908,1,5,100.0,"The answer precisely identifies the person, their role, and their specialties, covering all ground truth hints.","{'type': 'text', 'text': 'Yuki Tanaka works at Mistral AI as the Head of AI Research. Her specialty includes being the core researcher behind the Mixtral MoE architecture, authoring 12 peer-reviewed p"
Q03,filter,medium,List all C-Suite executives in the FinTech industry.,A_naive,8805,59,8864,0.894,0,4,100.0,"The answer correctly identifies all ground truth executives, but includes one executive from an irrelevant industry (MedTech).","1. **Thomas Keller**, CTO @ Paylane 2. **Priya Nair**, Chief People Officer @ Revolut 3. **Marie-Claire Dupont**, CFO @ BioNexus (Series B MedTech) 4. **Fatima Al-Hassan**, General Counsel @ Adyen"
Q03,filter,medium,List all C-Suite executives in the FinTech industry.,B_agent,1547,445,1992,2.889,1,5,100.0,"The answer directly and completely addresses the query by listing all the C-Suite executives mentioned in the ground truth hints, along with their roles and companies.","{'type': 'text', 'text': 'Here are the C-Suite executives in the FinTech industry:\n\n*   **Thomas Keller** (CTO @ FinTech Scale-up Paylane)\n*   **Priya Nair** (Chief People Officer @ Revolut)\n*   *"
Q04,filter,medium,"Find all profiles based in Paris, France.",A_naive,8802,72,8874,1.147,0,5,100.0,The answer perfectly addresses the query and includes all the specified ground truth profiles.,"Here are the profiles based in Paris, France:  *   **Sophie Marchand**: VP of Sales EMEA @ Salesforce *   **Yuki Tanaka**: Head of AI Research @ Mistral AI *   **David Laurent**: CEO @ DeepCure AI (Se"
Q04,filter,medium,"Find all profiles based in Paris, France.",B_agent,1070,249,1319,2.513,1,4,75.0,"The answer correctly identified three out of four profiles based in Paris, France, but missed one.","{'type': 'text', 'text': 'Here are the profiles based in Paris, France:\n\n*   **Sophie Marchand**: VP of Sales EMEA @ Salesforce\n*   **Alice Fontaine**: Country Manager France @ Uber Eats\n*   **Yuk"
Q05,semantic,medium,I'm selling a developer productivity platform. Who are the best targets?,A_naive,8808,128,8936,1.195,0,5,100.0,"The answer precisely identifies all the ground truth targets and provides additional relevant information like roles, companies, and pain points, making it a comprehensive response.","The best targets for a developer productivity platform are:  *   **Thomas Keller**, CTO @ Paylane (FinTech) - Pain point: ""developer productivity"" *   **Matteo Romano**, VP Engineering @ Glovo (Delive"
Q05,semantic,medium,I'm selling a developer productivity platform. Who are the best targets?,B_agent,1135,879,2014,5.039,1,5,100.0,"The answer precisely identifies all three target individuals mentioned in the ground truth hints and provides relevant details for each, making it an excellent and complete response to the query.","{'type': 'text', 'text': 'Based on your interest in selling a developer productivity platform, here are the best targets:\n\n*   **Julia Novak (P020)**: She is building the developer platform for over"
Q06,semantic,medium,Which profiles mention pain points around data quality or data silos?,A_naive,8805,74,8879,0.972,0,4,67.0,The answer correctly identifies two of the three ground truth profiles but includes an additional profile that is not in the ground truth and whose relevance to the query is a slight stretch.,"The following profiles mention pain points around data quality or data silos:  *   **P003 Amira Benali:** ""attribution accuracy"" (can be related to data quality) *   **P008 Raj Patel:** ""data quality "
Q06,semantic,medium,Which profiles mention pain points around data quality or data silos?,B_agent,1231,443,1674,3.107,1,4,67.0,"The answer correctly identifies two out of three profiles that mention the specified pain points, but misses one profile from the ground truth.","{'type': 'text', 'text': 'Here are the profiles that mention pain points around data quality or data silos:\n\n*   **Astrid Müller (P022)**: Mentions ""data silos between CRM and ERP"".\n*   **Ingrid La"
Q07,synthesis,hard,Compare the DISC profiles of the two CEOs/founders in the dataset and explain how you'd approach them differently in a cold email.,A_naive,8820,512,9332,3.91,0,5,100.0,"The answer correctly identifies both CEOs, their shared DISC profile, and provides a detailed, nuanced explanation of how to approach each differently based on their industry context, covering all ground truth hints.",The two CEOs/founders in the dataset are:  *   **Elena Vasquez (P009)**: CEO & Co-Founder @ GreenGrid (CleanTech / Energy). DISC Profile: **D**. *   **David Laurent (P021)**: CEO @ DeepCure AI (BioTec
Q07,synthesis,hard,Compare the DISC profiles of the two CEOs/founders in the dataset and explain how you'd approach them differently in a cold email.,B_agent,1998,1543,3541,9.65,3,5,100.0,"The answer correctly identifies both CEOs, their shared 'D' DISC profile, and explains how to approach them with a direct, results-oriented style, while also detailing different content tailoring based on their specific industries and pain points, covering all ground truth hints comprehensively.","{'type': 'text', 'text': 'Both Elena Vasquez, CEO & Co-Founder at GreenGrid (P009), and David Laurent, CEO at DeepCure AI (P021), share a \'D\' (Dominance) DISC profile. This indicates they are likely"
Q08,synthesis,hard,"Which profiles would be most receptive to a pitch about an AI-powered observability platform, and why?",A_naive,8813,512,9325,3.326,0,5,100.0,"The answer accurately identifies all specified profiles and provides detailed, relevant justifications for their receptiveness to an AI-powered observability platform, also including additional pertinent profiles and explicitly mentioning 'observability' and 'reliability' where appropriate.","The following profiles would be most receptive to a pitch about an AI-powered observability platform:  *   **Thomas Keller (P002)**: As CTO of a FinTech scale-up, he is concerned with ""system reliabil"
Q08,synthesis,hard,"Which profiles would be most receptive to a pitch about an AI-powered observability platform, and why?",B_agent,1180,766,1946,5.024,1,4,80.0,"The answer identifies two of the three ground truth profiles and provides strong justifications by linking their pain points to observability and reliability, but misses one ground truth profile.","{'type': 'text', 'text': 'The profiles most receptive to a pitch about an AI-powered observability platform are:\n\n*   **P020 Julia Novak**: As someone building a developer platform for a large engin"
Q09,aggregation,medium,"How many profiles are located in Ireland, and what companies do they work for?",A_naive,8809,26,8835,0.666,0,5,100.0,The answer precisely addresses both parts of the query and includes all the ground truth hints accurately.,There are 3 profiles located in Ireland. They work for the following companies: - DHL Express - HubSpot - Stripe
Q09,aggregation,medium,"How many profiles are located in Ireland, and what companies do they work for?",B_agent,1568,650,2218,4.024,1,5,100.0,"The answer directly addresses both parts of the query by stating the number of profiles and listing the companies they work for, matching all ground truth hints precisely.","{'type': 'text', 'text': ""Based on the top 10 search results for profiles located in Ireland, I found 3 profiles explicitly stating their location as Dublin, Ireland:\n\n*   **James Whitfield** works "
Q10,aggregation,hard,"Rank the top 3 profiles by seniority and years of experience combined, and summarize why each would be a high-value target for enterprise software sales.",A_naive,8823,496,9319,3.199,0,0,0.0,Judge error: Expecting value: line 4 column 15 (char 60),"Here are the top 3 profiles ranked by seniority and years of experience, along with a summary of why they are high-value targets for enterprise software sales:  1.  **Bernhard Koch (P017)**     *   **"
Q10,aggregation,hard,"Rank the top 3 profiles by seniority and years of experience combined, and summarize why each would be a high-value target for enterprise software sales.",B_agent,3920,2103,6023,12.81,3,0,0.0,Judge error: Unterminated string starting at: line 4 column 16 (char 61),"{'type': 'text', 'text': ""Here are the top 3 profiles ranked by seniority and years of experience combined, and why each would be a high-value target for enterprise software sales:\n\n1.  **Sophie Mar"
